[{
    "team": "Multan Sultans",
    "played": "0",
    "won": "0",
    "lost": "0",
    "tied": "0",
    "noresult": "0",
    "points": "0",
    "nrr": "0.000"
  },
  {
    "team": "Islamabad United",
    "played": "0",
    "won": "0",
    "lost": "0",
    "tied": "0",
    "noresult": "0",
    "points": "0",
    "nrr": "0.000"
  },
  {
    "team": "Peshawar Zalmi",
    "played": "0",
    "won": "0",
    "lost": "0",
    "tied": "0",
    "noresult": "0",
    "points": "0",
    "nrr": "0.000"
  },
  {
    "team": "Quetta Gladiators",
    "played": "0",
    "won": "0",
    "lost": "0",
    "tied": "0",
    "noresult": "0",
    "points": "0",
    "nrr": "0.000"
  },
  {
    "team": "Karachi Kings",
    "played": "0",
    "won": "0",
    "lost": "0",
    "tied": "0",
    "noresult": "0",
    "points": "0",
    "nrr": "0.000"
  },
  {
    "team": "Lahore Qalandars",
    "played": "0",
    "won": "0",
    "lost": "0",
    "tied": "0",
    "noresult": "0",
    "points": "0",
    "nrr": "0.000"
  }
]